platform,label,depth,n,p50_us,p99_us,mean_us,min_us,sandbox_indicative
sandbox,reference-impl-sandbox,1,10000,39.584,51.209,40.973,37.5,true
sandbox,reference-impl-sandbox,2,10000,80.292,93.083,82.592,76.583,true
sandbox,reference-impl-sandbox,3,10000,123.75,140.25,125.219,114.875,true
sandbox,reference-impl-sandbox,4,10000,165.125,183.458,166.788,153.916,true
sandbox,reference-impl-sandbox,6,10000,249.25,269.459,249.791,230.375,true
rented,mythicbeasts,1,10000,378.389,391.853,379.679,376.925,false
rented,mythicbeasts,2,10000,770.777,788.981,773.189,768.184,false
rented,mythicbeasts,3,10000,1164.202,1183.35,1167.598,1160.035,false
rented,mythicbeasts,4,10000,1555.757,1575.127,1559.843,1551.016,false
rented,mythicbeasts,6,10000,2354.367,2366.071,2351.317,2338.367,false
lab,lab-pi4-01,1,10000,315.123,325.532,315.99,313.735,false
lab,lab-pi4-01,2,10000,642.08,656.933,643.91,640.007,false
lab,lab-pi4-01,3,10000,968.962,987.165,971.622,965.758,false
lab,lab-pi4-01,4,10000,1295.899,1314.603,1298.98,1291.881,false
lab,lab-pi4-01,6,10000,1955.761,1978.231,1956.678,1946.823,false
lab,lab-pi3-01,1,10000,611.6,646.184,615.422,607.381,false
lab,lab-pi3-01,2,10000,1254.392,1293.454,1260.084,1244.494,false
lab,lab-pi3-01,3,10000,1908.16,1961.028,1909.678,1884.986,false
lab,lab-pi3-01,4,10000,2551.976,2593.269,2550.435,2523.646,false
lab,lab-pi3-01,6,10000,3836.572,3877.682,3839.595,3803.709,false
