D_seconds,H_seconds,n_trials,mean_availability,min_availability,remote_pdp_availability
60,900,10000,0.967471,0.001849,0.0
60,3600,10000,0.991313,0.003641,0.0
60,28800,10000,0.998659,0.002666,0.0
60,86400,10000,0.999837,0.256174,0.0
60,604800,10000,0.999804,0.00941,0.0
91,900,10000,0.948076,0.00122,0.0
91,3600,10000,0.986277,0.001171,0.0
91,28800,10000,0.99906,0.079061,0.0
91,86400,10000,0.99968,0.40713,0.0
91,604800,10000,0.999967,0.669956,0.0
139,900,10000,0.92114,3e-06,0.0
139,3600,10000,0.980357,0.001655,0.0
139,28800,10000,0.997231,9.1e-05,0.0
139,86400,10000,0.998889,0.012006,0.0
139,604800,10000,0.999873,0.021239,0.0
211,900,10000,0.883062,0.000102,0.0
211,3600,10000,0.971191,0.001306,0.0
211,28800,10000,0.996102,0.009962,0.0
211,86400,10000,0.999021,0.136632,0.0
211,604800,10000,0.999737,0.120033,0.0
321,900,10000,0.818521,0.000104,0.0
321,3600,10000,0.955383,1.9e-05,0.0
321,28800,10000,0.994844,6.1e-05,0.0
321,86400,10000,0.998051,0.016564,0.0
321,604800,10000,0.999822,0.077418,0.0
488,900,10000,0.73317,3.8e-05,0.0
488,3600,10000,0.930551,0.000189,0.0
488,28800,10000,0.992118,0.000158,0.0
488,86400,10000,0.997116,0.001781,0.0
488,604800,10000,0.999538,0.115069,0.0
742,900,10000,0.581969,1.4e-05,0.0
742,3600,10000,0.893243,0.000405,0.0
742,28800,10000,0.987193,0.004213,0.0
742,86400,10000,0.995797,0.01336,0.0
742,604800,10000,0.999189,0.059221,0.0
1129,900,10000,0.398692,5.4e-05,0.0
1129,3600,10000,0.842854,0.000615,0.0
1129,28800,10000,0.979019,0.008677,0.0
1129,86400,10000,0.99364,0.005307,0.0
1129,604800,10000,0.998724,0.01292,0.0
1717,900,10000,0.261145,2.1e-05,0.0
1717,3600,10000,0.756704,3.9e-05,0.0
1717,28800,10000,0.967634,0.000949,0.0
1717,86400,10000,0.989558,0.000259,0.0
1717,604800,10000,0.99882,0.075182,0.0
2611,900,10000,0.170947,5.9e-05,0.0
2611,3600,10000,0.640454,3.8e-05,0.0
2611,28800,10000,0.953115,0.000628,0.0
2611,86400,10000,0.984087,0.000863,0.0
2611,604800,10000,0.997489,0.012538,0.0
3971,900,10000,0.113404,1.5e-05,0.0
3971,3600,10000,0.454869,0.000101,0.0
3971,28800,10000,0.934291,0.000104,0.0
3971,86400,10000,0.977217,0.000159,0.0
3971,604800,10000,0.997355,5.3e-05,0.0
6039,900,10000,0.074919,2.1e-05,0.0
6039,3600,10000,0.298228,4.9e-05,0.0
6039,28800,10000,0.892493,2.9e-05,0.0
6039,86400,10000,0.964375,0.000279,0.0
6039,604800,10000,0.994999,0.001161,0.0
9184,900,10000,0.049077,2e-06,0.0
9184,3600,10000,0.196008,5e-06,0.0
9184,28800,10000,0.842017,1.1e-05,0.0
9184,86400,10000,0.944948,0.001076,0.0
9184,604800,10000,0.991714,0.005483,0.0
13967,900,10000,0.03233,6e-06,0.0
13967,3600,10000,0.129154,2.8e-05,0.0
13967,28800,10000,0.754296,3.4e-05,0.0
13967,86400,10000,0.917582,0.000841,0.0
13967,604800,10000,0.989435,0.001942,0.0
21241,900,10000,0.021196,1.9e-05,0.0
21241,3600,10000,0.084568,3.3e-05,0.0
21241,28800,10000,0.629952,0.000103,0.0
21241,86400,10000,0.880339,0.000138,0.0
21241,604800,10000,0.983545,0.004566,0.0
32304,900,10000,0.013868,2e-06,0.0
32304,3600,10000,0.055814,1e-06,0.0
32304,28800,10000,0.444198,0.000111,0.0
32304,86400,10000,0.812746,0.00018,0.0
32304,604800,10000,0.972838,0.001977,0.0
49127,900,10000,0.009192,6e-06,0.0
49127,3600,10000,0.036572,6e-06,0.0
49127,28800,10000,0.2931,0.000135,0.0
49127,86400,10000,0.718112,0.000567,0.0
49127,604800,10000,0.960454,0.000919,0.0
74713,900,10000,0.00608,1e-06,0.0
74713,3600,10000,0.024194,0.0,0.0
74713,28800,10000,0.193116,3.3e-05,0.0
74713,86400,10000,0.567607,5.8e-05,0.0
74713,604800,10000,0.938301,0.000742,0.0
113624,900,10000,0.003936,0.0,0.0
113624,3600,10000,0.015801,0.0,0.0
113624,28800,10000,0.127903,1.4e-05,0.0
113624,86400,10000,0.379567,1.1e-05,0.0
113624,604800,10000,0.906557,0.000191,0.0
172800,900,10000,0.002587,1e-06,0.0
172800,3600,10000,0.010391,0.0,0.0
172800,28800,10000,0.083631,6.7e-05,0.0
172800,86400,10000,0.249084,2e-06,0.0
172800,604800,10000,0.856226,0.000154,0.0
