D_seconds,H_seconds,E_seconds,n_trials,mean_staleness_spec_s,max_staleness_spec_s,mean_staleness_epoch_s,max_staleness_epoch_s
60,900,60,10000,28.7849,59.9945,56.3551,119.8003
60,900,900,10000,28.7504,59.9801,297.2279,887.2325
60,900,3600,10000,28.7272,59.9987,390.0978,899.5086
60,900,28800,10000,28.6611,59.9999,418.6005,897.9004
60,3600,60,10000,29.8096,59.9866,59.0277,119.5683
60,3600,900,10000,29.5411,59.9999,434.8722,957.7009
60,3600,3600,10000,29.7001,59.9994,1196.0336,3571.1258
60,3600,28800,10000,29.6154,59.9995,1703.4212,3594.7807
60,28800,60,10000,30.0769,59.9909,59.9819,119.8027
60,28800,900,10000,29.8396,59.9991,472.803,957.574
60,28800,3600,10000,30.1075,59.9998,1756.6196,3658.5354
60,28800,28800,10000,29.711,59.998,9587.933,28686.2535
60,86400,60,10000,29.9381,59.985,60.1049,119.3652
60,86400,900,10000,29.9562,59.9996,482.6338,958.6881
60,86400,3600,10000,29.9456,59.9951,1808.2608,3654.7184
60,86400,28800,10000,30.1281,59.9774,12823.1321,28847.5574
60,604800,60,10000,29.7423,59.9978,59.4816,118.1038
60,604800,900,10000,29.5937,59.9717,483.7006,958.0558
60,604800,3600,10000,30.2282,59.9935,1849.4247,3657.3454
60,604800,28800,10000,30.0167,59.9929,14142.0033,28839.0646
91,900,60,10000,42.7016,90.9883,69.1789,149.5269
91,900,900,10000,42.7326,90.9988,305.8635,885.8046
91,900,3600,10000,42.7464,90.9947,378.3548,893.3361
91,900,28800,10000,42.4339,90.9962,401.6518,898.033
91,3600,60,10000,44.1155,90.989,73.0377,149.0514
91,3600,900,10000,44.6324,90.9937,442.834,988.9332
91,3600,3600,10000,44.3726,90.9875,1202.1735,3575.9516
91,3600,28800,10000,45.0611,90.9743,1687.1692,3593.1502
91,28800,60,10000,45.5367,90.9946,75.4139,150.048
91,28800,900,10000,45.1634,90.9984,486.5126,987.2137
91,28800,3600,10000,45.2813,90.9881,1760.0411,3676.4277
91,28800,28800,10000,45.3937,90.9624,9622.7447,28624.2511
91,86400,60,10000,45.4755,90.9705,75.48,150.0023
91,86400,900,10000,45.0463,90.9958,488.7034,987.8671
91,86400,3600,10000,45.5143,90.993,1829.013,3684.1094
91,86400,28800,10000,45.3505,90.9517,12767.0336,28882.4385
91,604800,60,10000,45.4431,90.9815,75.5453,150.3436
91,604800,900,10000,45.4716,90.9612,496.2215,988.7947
91,604800,3600,10000,45.6371,90.9746,1840.8074,3683.6037
91,604800,28800,10000,45.4705,90.9998,14198.0484,28883.7201
139,900,60,10000,62.0891,138.9879,86.9176,198.1215
139,900,900,10000,62.3194,138.9832,295.1716,884.3407
139,900,3600,10000,63.6213,138.9998,364.8736,895.0633
139,900,28800,10000,62.38,138.9982,378.3934,893.6759
139,3600,60,10000,67.7647,138.9794,96.2997,197.8023
139,3600,900,10000,67.0123,138.9739,468.7037,1032.4552
139,3600,3600,10000,67.8718,138.9938,1185.7953,3590.9449
139,3600,28800,10000,67.8228,138.9947,1658.1163,3586.6021
139,28800,60,10000,69.9971,138.9719,99.7962,198.2227
139,28800,900,10000,69.0532,138.9978,514.2442,1032.515
139,28800,3600,10000,69.7472,138.9692,1781.1339,3727.533
139,28800,28800,10000,69.7394,138.9931,9629.8043,28549.242
139,86400,60,10000,70.0514,138.9973,100.1474,198.4322
139,86400,900,10000,69.2815,138.953,515.0003,1032.9333
139,86400,3600,10000,69.6214,138.9884,1839.2472,3729.0374
139,86400,28800,10000,68.8895,138.9923,12720.6072,28909.0801
139,604800,60,10000,68.704,138.996,98.6717,197.7746
139,604800,900,10000,70.8287,138.9897,518.0655,1036.1957
139,604800,3600,10000,69.6064,138.9902,1874.1305,3730.2214
139,604800,28800,10000,69.1865,138.977,14193.0693,28914.1741
211,900,60,10000,89.2854,210.9967,111.552,267.9162
211,900,900,10000,89.4465,210.9379,285.6053,887.3604
211,900,3600,10000,89.0911,210.9742,334.37,892.9544
211,900,28800,10000,88.9117,210.968,352.2153,895.9208
211,3600,60,10000,100.0536,210.9916,128.336,270.102
211,3600,900,10000,102.4449,210.9827,490.5367,1093.5526
211,3600,3600,10000,101.2456,210.9651,1181.9573,3545.8216
211,3600,28800,10000,101.8334,210.9948,1641.0698,3586.9765
211,28800,60,10000,104.7861,210.9945,134.8866,269.8486
211,28800,900,10000,103.6292,210.9998,547.1678,1100.5161
211,28800,3600,10000,104.2385,210.9985,1822.167,3796.4285
211,28800,28800,10000,105.4535,210.9785,9629.7661,28567.8527
211,86400,60,10000,105.0068,210.9997,135.1739,269.0897
211,86400,900,10000,105.264,210.9413,554.9538,1105.8972
211,86400,3600,10000,106.1424,210.9588,1874.4466,3801.6285
211,86400,28800,10000,105.3421,210.9891,12985.2584,29002.5146
211,604800,60,10000,105.4078,210.9844,135.4225,269.1333
211,604800,900,10000,105.4173,210.9035,557.9821,1101.9567
211,604800,3600,10000,104.7318,210.9583,1900.3582,3793.603
211,604800,28800,10000,105.3728,210.9691,14280.8672,28998.5886
321,900,60,10000,121.9718,320.873,140.5971,378.5309
321,900,900,10000,121.9937,320.8027,271.0594,894.9003
321,900,3600,10000,120.2936,320.9355,296.6459,891.6263
321,900,28800,10000,124.0138,320.9866,311.157,895.8189
321,3600,60,10000,152.4384,320.9526,179.7886,380.4636
321,3600,900,10000,149.7343,320.9839,522.5603,1217.0438
321,3600,3600,10000,150.6908,320.9867,1195.1108,3560.7157
321,3600,28800,10000,151.9677,320.9749,1592.3021,3582.5402
321,28800,60,10000,159.3334,320.9973,188.7634,380.3628
321,28800,900,10000,159.9204,320.9776,602.3136,1218.4613
321,28800,3600,10000,160.2243,320.9982,1870.914,3916.2984
321,28800,28800,10000,158.5385,320.9872,9602.5142,28683.9315
321,86400,60,10000,161.0025,320.9954,191.06,378.8707
321,86400,900,10000,160.7562,320.9944,606.6688,1214.1498
321,86400,3600,10000,160.624,320.9284,1931.8189,3917.1488
321,86400,28800,10000,158.3555,320.8889,12895.0101,29059.4239
321,604800,60,10000,160.4938,320.9797,190.3086,379.6127
321,604800,900,10000,160.7327,320.9665,604.9908,1214.6742
321,604800,3600,10000,160.8739,320.9504,1960.9729,3913.6975
321,604800,28800,10000,160.7772,320.9865,14276.8602,29106.6159
488,900,60,10000,152.1476,487.9249,165.1972,546.2525
488,900,900,10000,154.8412,487.8935,235.056,883.568
488,900,3600,10000,158.6418,487.9555,250.2575,890.194
488,900,28800,10000,155.2979,487.9735,248.9019,891.9003
488,3600,60,10000,220.2035,487.7045,245.9387,547.0554
488,3600,900,10000,222.3674,487.9992,574.0618,1362.6971
488,3600,3600,10000,223.0962,487.9026,1162.9677,3583.5518
488,3600,28800,10000,221.8652,487.9932,1532.8825,3585.8459
488,28800,60,10000,240.7528,487.9644,269.8547,546.7919
488,28800,900,10000,240.5225,487.9414,671.8013,1385.0634
488,28800,3600,10000,241.8756,487.929,1950.6958,4054.5343
488,28800,28800,10000,241.9678,487.9839,9590.3125,28665.3585
488,86400,60,10000,242.2757,487.9332,272.0278,547.7984
488,86400,900,10000,243.9086,487.9435,690.2155,1380.3217
488,86400,3600,10000,242.4198,487.9699,2020.4963,4069.8037
488,86400,28800,10000,242.0646,487.9999,13003.5693,29238.7237
488,604800,60,10000,243.2937,487.864,272.905,547.3477
488,604800,900,10000,243.5646,487.9985,697.0724,1378.0684
488,604800,3600,10000,242.3786,487.9743,2021.5946,4082.6419
488,604800,28800,10000,245.0007,487.9861,14394.0518,29218.6377
742,900,60,10000,168.1331,741.8558,172.7363,796.3834
742,900,900,10000,167.9363,741.3812,180.8595,877.6544
742,900,3600,10000,166.8826,740.42,180.4213,877.4012
742,900,28800,10000,170.6849,741.1875,185.048,897.8558
742,3600,60,10000,319.9725,741.9951,343.6371,801.6992
742,3600,900,10000,318.5447,741.8788,635.4626,1621.0841
742,3600,3600,10000,316.9873,741.9774,1149.0079,3596.21
742,3600,28800,10000,317.3177,741.8874,1402.0238,3580.1102
742,28800,60,10000,369.1036,741.9618,398.2707,798.0944
742,28800,900,10000,366.7101,741.9763,804.1601,1634.6496
742,28800,3600,10000,363.7136,741.9627,2024.0773,4301.9359
742,28800,28800,10000,367.4642,741.9574,9595.0475,28316.4133
742,86400,60,10000,373.498,741.9598,403.4907,798.9793
742,86400,900,10000,369.8169,741.9459,813.8688,1634.3675
742,86400,3600,10000,370.7763,741.936,2131.761,4321.7074
742,86400,28800,10000,371.1037,741.9235,13090.1231,29478.7803
742,604800,60,10000,371.1942,741.8775,401.4965,799.301
742,604800,900,10000,370.2633,741.9697,815.9431,1633.3456
742,604800,3600,10000,370.2082,741.9284,2172.2961,4322.864
742,604800,28800,10000,371.0928,741.9492,14624.9541,29493.5783
1129,900,60,10000,116.1393,882.3731,116.1393,882.3731
1129,900,900,10000,117.8559,894.5761,117.8559,894.5761
1129,900,3600,10000,121.7563,881.6161,121.7563,881.6161
1129,900,28800,10000,118.6186,892.7629,118.6186,892.7629
1129,3600,60,10000,444.8532,1128.7005,465.4712,1184.5773
1129,3600,900,10000,448.3829,1128.9995,715.9434,2019.4457
1129,3600,3600,10000,448.1096,1128.855,1096.8962,3510.4947
1129,3600,28800,10000,447.4601,1128.9962,1269.1625,3556.6882
1129,28800,60,10000,550.5628,1128.9821,579.2705,1183.173
1129,28800,900,10000,547.1164,1128.9865,978.247,2017.087
1129,28800,3600,10000,553.7573,1128.9855,2197.1915,4716.5492
1129,28800,28800,10000,550.5644,1128.7468,9595.6691,28389.9509
1129,86400,60,10000,554.4817,1128.9105,583.9362,1185.9799
1129,86400,900,10000,559.3632,1128.9406,1005.221,2025.7378
1129,86400,3600,10000,558.4893,1128.9922,2303.6544,4701.0119
1129,86400,28800,10000,557.8961,1128.9166,13166.1982,29832.1808
1129,604800,60,10000,564.4803,1128.8082,594.3613,1188.7393
1129,604800,900,10000,562.9767,1128.9463,1006.8229,2003.7562
1129,604800,3600,10000,562.847,1128.8599,2356.3741,4714.7988
1129,604800,28800,10000,559.2598,1128.8524,14814.1296,29895.7256
1717,900,60,10000,77.1689,872.9196,77.1689,872.9196
1717,900,900,10000,80.9279,887.9435,80.9279,887.9435
1717,900,3600,10000,78.5916,892.8738,78.5916,892.8738
1717,900,28800,10000,81.1375,894.7239,81.1375,894.7239
1717,3600,60,10000,583.212,1716.0323,598.7463,1770.4378
1717,3600,900,10000,574.1713,1715.5022,767.1712,2608.9056
1717,3600,3600,10000,582.6399,1716.5105,991.1971,3547.7989
1717,3600,28800,10000,585.2259,1716.7927,1064.3573,3578.3882
1717,28800,60,10000,835.6543,1716.6903,863.3988,1773.1293
1717,28800,900,10000,821.3485,1716.991,1238.9016,2603.3339
1717,28800,3600,10000,812.9886,1716.9423,2441.0492,5260.7438
1717,28800,28800,10000,815.2484,1716.8625,9741.3176,28575.1267
1717,86400,60,10000,845.3423,1716.998,874.8907,1770.0126
1717,86400,900,10000,854.578,1716.8631,1291.4891,2603.423
1717,86400,3600,10000,847.4561,1716.9568,2586.6146,5276.2299
1717,86400,28800,10000,845.7205,1716.2339,13424.7457,30428.9915
1717,604800,60,10000,853.8771,1716.9095,883.6744,1774.6274
1717,604800,900,10000,847.071,1716.9697,1293.322,2605.7261
1717,604800,3600,10000,859.8977,1716.6199,2650.4315,5274.0116
1717,604800,28800,10000,860.8268,1716.6449,14968.8831,30405.6441
2611,900,60,10000,53.5915,880.0156,53.5915,880.0156
2611,900,900,10000,52.9998,870.2844,52.9998,870.2844
2611,900,3600,10000,51.2568,875.6095,51.2568,875.6095
2611,900,28800,10000,53.0701,882.3329,53.0701,882.3329
2611,3600,60,10000,660.8181,2610.8418,668.6719,2668.5264
2611,3600,900,10000,678.7748,2610.1513,762.9998,3416.6496
2611,3600,3600,10000,677.5595,2610.9585,801.6612,3511.3667
2611,3600,28800,10000,683.8485,2610.7263,818.2818,3538.3833
2611,28800,60,10000,1220.7769,2609.7466,1247.8544,2666.5597
2611,28800,900,10000,1225.5256,2610.9244,1633.8974,3489.9599
2611,28800,3600,10000,1230.0052,2610.9803,2775.205,6177.4612
2611,28800,28800,10000,1223.8523,2610.8728,9449.0069,28269.3205
2611,86400,60,10000,1271.586,2610.6558,1300.5348,2663.9759
2611,86400,900,10000,1282.8837,2610.625,1720.5953,3484.1478
2611,86400,3600,10000,1283.4131,2610.6977,2996.9958,6186.3344
2611,86400,28800,10000,1278.1474,2610.3063,13667.5443,31132.1043
2611,604800,60,10000,1296.6981,2610.9761,1326.5819,2657.0586
2611,604800,900,10000,1296.3308,2610.6661,1744.5129,3505.6378
2611,604800,3600,10000,1307.4554,2610.8964,3095.2776,6146.7247
2611,604800,28800,10000,1293.2415,2610.6904,15240.3094,31329.5605
3971,900,60,10000,33.4271,883.4956,33.4271,883.4956
3971,900,900,10000,33.9588,893.9865,33.9588,893.9865
3971,900,3600,10000,35.345,871.8057,35.345,871.8057
3971,900,28800,10000,32.8567,871.2371,32.8567,871.2371
3971,3600,60,10000,544.4444,3559.483,544.4444,3559.483
3971,3600,900,10000,527.5455,3555.6785,527.5455,3555.6785
3971,3600,3600,10000,537.088,3582.2209,537.088,3582.2209
3971,3600,28800,10000,559.43,3496.8517,559.43,3496.8517
3971,28800,60,10000,1784.7497,3970.1355,1810.5645,4024.044
3971,28800,900,10000,1803.995,3970.4573,2190.0557,4851.5751
3971,28800,3600,10000,1806.71,3970.6124,3285.3032,7531.2471
3971,28800,28800,10000,1797.8672,3970.7119,9400.3941,28544.127
3971,86400,60,10000,1924.8019,3970.8312,1953.3228,4019.1837
3971,86400,900,10000,1947.6948,3970.6084,2375.9445,4835.7519
3971,86400,3600,10000,1923.6499,3970.2393,3613.132,7533.2051
3971,86400,28800,10000,1918.1207,3970.779,13931.8426,32614.0509
3971,604800,60,10000,1992.6702,3969.8492,2022.6885,4018.5586
3971,604800,900,10000,1986.9957,3970.6003,2434.7841,4809.8907
3971,604800,3600,10000,1972.422,3970.9937,3751.0803,7530.2354
3971,604800,28800,10000,1966.6266,3970.9468,16004.7716,32592.3301
6039,900,60,10000,22.3219,862.5858,22.3219,862.5858
6039,900,900,10000,23.2262,861.8231,23.2262,861.8231
6039,900,3600,10000,21.5782,884.315,21.5782,884.315
6039,900,28800,10000,23.1772,869.814,23.1772,869.814
6039,3600,60,10000,363.1553,3549.1339,363.1553,3549.1339
6039,3600,900,10000,361.8206,3551.7155,361.8206,3551.7155
6039,3600,3600,10000,359.3522,3575.8745,359.3522,3575.8745
6039,3600,28800,10000,365.8914,3553.6591,365.8914,3553.6591
6039,28800,60,10000,2615.1579,6038.5959,2639.1175,6089.1833
6039,28800,900,10000,2579.4257,6038.133,2927.3195,6865.5647
6039,28800,3600,10000,2606.0848,6036.7813,3954.0047,9505.7465
6039,28800,28800,10000,2620.0376,6037.58,9232.7098,28616.1587
6039,86400,60,10000,2875.2625,6035.9299,2903.1567,6084.6569
6039,86400,900,10000,2868.5786,6038.967,3286.4868,6932.6728
6039,86400,3600,10000,2895.0844,6037.1914,4535.0607,9543.3461
6039,86400,28800,10000,2857.8035,6038.6863,14576.4645,34672.4807
6039,604800,60,10000,2998.5732,6038.8684,3028.3841,6093.5722
6039,604800,900,10000,2983.0311,6038.6302,3432.7655,6909.8173
6039,604800,3600,10000,3025.3287,6038.9938,4813.0596,9563.6928
6039,604800,28800,10000,3034.3965,6037.9008,17119.8889,34786.8982
9184,900,60,10000,16.0755,874.9112,16.0755,874.9112
9184,900,900,10000,14.5607,863.742,14.5607,863.742
9184,900,3600,10000,15.2068,829.104,15.2068,829.104
9184,900,28800,10000,14.9895,869.4695,14.9895,869.4695
9184,3600,60,10000,234.7138,3560.2498,234.7138,3560.2498
9184,3600,900,10000,226.8133,3544.9998,226.8133,3544.9998
9184,3600,3600,10000,238.3337,3491.2976,238.3337,3491.2976
9184,3600,28800,10000,231.6047,3494.2983,231.6047,3494.2983
9184,28800,60,10000,3547.4399,9181.2431,3567.7211,9223.87
9184,28800,900,10000,3546.6992,9183.9477,3845.5879,10056.9606
9184,28800,3600,10000,3582.5004,9181.6825,4735.6632,12658.3981
9184,28800,28800,10000,3667.2474,9183.7303,8834.832,28302.078
9184,86400,60,10000,4297.4588,9181.9761,4324.2156,9235.7908
9184,86400,900,10000,4266.4062,9183.2176,4664.1788,10025.5465
9184,86400,3600,10000,4256.4186,9180.9489,5822.4264,12612.4182
9184,86400,28800,10000,4314.0999,9183.0529,15477.7572,37742.3706
9184,604800,60,10000,4554.3237,9183.0142,4583.8455,9231.7047
9184,604800,900,10000,4511.5815,9183.3905,4955.2906,10036.761
9184,604800,3600,10000,4524.2124,9183.8939,6297.996,12604.1412
9184,604800,28800,10000,4514.7296,9182.7105,18406.9641,37684.1689
13967,900,60,10000,9.2981,836.1089,9.2981,836.1089
13967,900,900,10000,9.1878,851.9101,9.1878,851.9101
13967,900,3600,10000,9.5461,843.8493,9.5461,843.8493
13967,900,28800,10000,9.6881,887.9483,9.6881,887.9483
13967,3600,60,10000,148.7745,3511.8016,148.7745,3511.8016
13967,3600,900,10000,151.6285,3495.0276,151.6285,3495.0276
13967,3600,3600,10000,160.6133,3551.5638,160.6133,3551.5638
13967,3600,28800,10000,157.5045,3551.101,157.5045,3551.101
13967,28800,60,10000,4720.5216,13963.3769,4736.0345,14001.5739
13967,28800,900,10000,4714.9185,13966.5813,4938.0007,14837.6703
13967,28800,3600,10000,4760.8322,13961.0967,5608.0354,17343.202
13967,28800,28800,10000,4690.7157,13961.3919,7906.5572,28342.4441
13967,86400,60,10000,6253.0339,13966.0529,6278.3225,14014.2626
13967,86400,900,10000,6115.0141,13963.2551,6484.2338,14807.5732
13967,86400,3600,10000,6277.4332,13966.5431,7757.021,17475.3579
13967,86400,28800,10000,6164.9734,13964.8073,16575.925,42171.0574
13967,604800,60,10000,6857.2919,13965.7381,6886.5221,14021.0303
13967,604800,900,10000,6859.9898,13966.2227,7299.9961,14782.0444
13967,604800,3600,10000,6848.7945,13962.0684,8608.6859,17545.5076
13967,604800,28800,10000,6859.0463,13963.3657,20453.2104,42411.1282
21241,900,60,10000,6.9134,840.4383,6.9134,840.4383
21241,900,900,10000,6.8605,877.1021,6.8605,877.1021
21241,900,3600,10000,6.0385,830.9779,6.0385,830.9779
21241,900,28800,10000,6.2287,871.1408,6.2287,871.1408
21241,3600,60,10000,90.722,3360.848,90.722,3360.848
21241,3600,900,10000,104.6322,3487.6887,104.6322,3487.6887
21241,3600,3600,10000,101.7963,3454.57,101.7963,3454.57
21241,3600,28800,10000,102.6838,3524.0328,102.6838,3524.0328
21241,28800,60,10000,5335.917,21238.8689,5343.6276,21256.8975
21241,28800,900,10000,5369.6072,21214.8945,5486.9687,22022.3876
21241,28800,3600,10000,5465.6281,21226.6791,5867.9114,24582.1978
21241,28800,28800,10000,5392.0334,21236.115,6284.6047,28175.6849
21241,86400,60,10000,9014.9261,21238.1811,9037.6662,21277.753
21241,86400,900,10000,8875.5961,21240.5879,9215.9806,22093.2502
21241,86400,3600,10000,8881.4351,21239.4275,10222.2672,24594.8621
21241,86400,28800,10000,8826.0846,21239.6714,18132.7092,49270.137
21241,604800,60,10000,10383.6538,21238.7169,10412.7842,21290.7693
21241,604800,900,10000,10423.0601,21236.9956,10855.7339,22115.9808
21241,604800,3600,10000,10349.4336,21240.5742,12094.2426,24816.1503
21241,604800,28800,10000,10335.9892,21238.173,23944.3881,49658.8529
32304,900,60,10000,3.5722,824.4369,3.5722,824.4369
32304,900,900,10000,4.003,843.4436,4.003,843.4436
32304,900,3600,10000,4.7941,844.5084,4.7941,844.5084
32304,900,28800,10000,3.8528,797.0602,3.8528,797.0602
32304,3600,60,10000,68.1954,3325.7041,68.1954,3325.7041
32304,3600,900,10000,67.8592,3480.7531,67.8592,3480.7531
32304,3600,3600,10000,64.1605,3466.6313,64.1605,3466.6313
32304,3600,28800,10000,71.3582,3564.2586,71.3582,3564.2586
32304,28800,60,10000,4284.325,28413.162,4284.325,28413.162
32304,28800,900,10000,4231.432,28167.216,4231.432,28167.216
32304,28800,3600,10000,4306.9845,28108.5259,4306.9845,28108.5259
32304,28800,28800,10000,4272.5167,28699.7101,4272.5167,28699.7101
32304,86400,60,10000,12220.4245,32299.0861,12238.8447,32352.4328
32304,86400,900,10000,12043.2647,32303.2348,12324.2012,33083.9415
32304,86400,3600,10000,12076.457,32286.5358,13175.1518,35724.5557
32304,86400,28800,10000,12099.6806,32300.1892,19466.5725,61048.7406
32304,604800,60,10000,15423.0005,32297.077,15451.5449,32356.909
32304,604800,900,10000,15521.5976,32300.7878,15946.5914,33126.542
32304,604800,3600,10000,15568.4452,32303.6071,17285.3603,35791.6296
32304,604800,28800,10000,15626.6645,32301.9433,29130.9683,60656.6023
49127,900,60,10000,2.6404,803.6582,2.6404,803.6582
49127,900,900,10000,2.4782,737.1465,2.4782,737.1465
49127,900,3600,10000,2.7712,801.4785,2.7712,801.4785
49127,900,28800,10000,2.5845,853.3964,2.5845,853.3964
49127,3600,60,10000,43.9748,3277.8375,43.9748,3277.8375
49127,3600,900,10000,41.6137,3430.2636,41.6137,3430.2636
49127,3600,3600,10000,40.3881,3432.8709,40.3881,3432.8709
49127,3600,28800,10000,40.9876,3468.2367,40.9876,3468.2367
49127,28800,60,10000,2833.4287,28217.9195,2833.4287,28217.9195
49127,28800,900,10000,2846.8207,28447.0441,2846.8207,28447.0441
49127,28800,3600,10000,2776.703,27949.5146,2776.703,27949.5146
49127,28800,28800,10000,2849.0287,27698.8359,2849.0287,27698.8359
49127,86400,60,10000,15104.5872,49116.4713,15117.3172,49166.5222
49127,86400,900,10000,15181.6408,49125.1492,15373.5259,49948.683
49127,86400,3600,10000,15358.3996,49124.9661,16104.4395,52280.3281
49127,86400,28800,10000,15346.6778,49118.9659,19939.7244,75561.1684
49127,604800,60,10000,23346.1658,49125.2323,23373.4195,49176.775
49127,604800,900,10000,23399.6955,49124.6859,23817.5736,49971.916
49127,604800,3600,10000,23083.7521,49110.2638,24745.7151,52487.501
49127,604800,28800,10000,23256.1638,49115.6832,36194.938,77251.0605
74713,900,60,10000,1.77,784.1698,1.77,784.1698
74713,900,900,10000,1.7367,842.7798,1.7367,842.7798
74713,900,3600,10000,2.2578,882.504,2.2578,882.504
74713,900,28800,10000,1.8651,782.3638,1.8651,782.3638
74713,3600,60,10000,28.259,3501.723,28.259,3501.723
74713,3600,900,10000,31.6408,3478.1561,31.6408,3478.1561
74713,3600,3600,10000,27.6446,3514.2693,27.6446,3514.2693
74713,3600,28800,10000,30.7109,3480.8655,30.7109,3480.8655
74713,28800,60,10000,1690.9097,27747.7915,1690.9097,27747.7915
74713,28800,900,10000,1893.1162,28135.6283,1893.1162,28135.6283
74713,28800,3600,10000,1820.7911,28204.4407,1820.7911,28204.4407
74713,28800,28800,10000,1850.4609,28412.0971,1850.4609,28412.0971
74713,86400,60,10000,15823.0855,74682.9982,15827.2237,74736.0156
74713,86400,900,10000,15846.1825,74465.3411,15907.29,75135.536
74713,86400,3600,10000,15593.8914,74662.8542,15810.2787,77927.9071
74713,86400,28800,10000,15946.9683,74599.6591,16616.1962,85783.588
74713,604800,60,10000,34248.196,74692.0731,34274.346,74733.8674
74713,604800,900,10000,34190.8935,74708.8641,34585.5577,75503.4361
74713,604800,3600,10000,34290.3617,74712.0284,35871.6412,78221.444
74713,604800,28800,10000,33626.5632,74705.7796,46083.4216,102377.2713
113624,900,60,10000,0.8771,672.3434,0.8771,672.3434
113624,900,900,10000,1.2234,832.3901,1.2234,832.3901
113624,900,3600,10000,1.0252,796.9583,1.0252,796.9583
113624,900,28800,10000,1.3458,751.3315,1.3458,751.3315
113624,3600,60,10000,15.6142,3197.287,15.6142,3197.287
113624,3600,900,10000,19.2344,3234.8418,19.2344,3234.8418
113624,3600,3600,10000,18.1507,3469.5686,18.1507,3469.5686
113624,3600,28800,10000,18.671,3369.0783,18.671,3369.0783
113624,28800,60,10000,1264.3177,27700.5071,1264.3177,27700.5071
113624,28800,900,10000,1195.7926,27378.0649,1195.7926,27378.0649
113624,28800,3600,10000,1203.1454,28104.7658,1203.1454,28104.7658
113624,28800,28800,10000,1212.3577,27489.1655,1212.3577,27489.1655
113624,86400,60,10000,10917.27,85310.0238,10917.27,85310.0238
113624,86400,900,10000,10805.4985,85243.983,10805.4985,85243.983
113624,86400,3600,10000,11189.1027,84487.2096,11189.1027,84487.2096
113624,86400,28800,10000,11108.8214,84962.4808,11108.8214,84962.4808
113624,604800,60,10000,49278.5014,113582.0034,49302.7716,113625.1856
113624,604800,900,10000,48446.5257,113617.8329,48809.2723,114363.3141
113624,604800,3600,10000,49410.9223,113617.8538,50866.2462,116787.1331
113624,604800,28800,10000,49809.5301,113614.3049,61386.6012,141394.2349
172800,900,60,10000,1.0984,768.1702,1.0984,768.1702
172800,900,900,10000,0.7339,818.7786,0.7339,818.7786
172800,900,3600,10000,0.8147,752.1266,0.8147,752.1266
172800,900,28800,10000,0.7672,705.9915,0.7672,705.9915
172800,3600,60,10000,15.9325,3425.8834,15.9325,3425.8834
172800,3600,900,10000,12.5011,3415.84,12.5011,3415.84
172800,3600,3600,10000,11.4974,3528.7416,11.4974,3528.7416
172800,3600,28800,10000,12.0203,3335.2666,12.0203,3335.2666
172800,28800,60,10000,801.4569,28525.3321,801.4569,28525.3321
172800,28800,900,10000,802.5876,28167.7579,802.5876,28167.7579
172800,28800,3600,10000,802.9721,28392.1205,802.9721,28392.1205
172800,28800,28800,10000,789.2468,28498.9839,789.2468,28498.9839
172800,86400,60,10000,6996.6251,85972.211,6996.6251,85972.211
172800,86400,900,10000,7202.8914,85122.7485,7202.8914,85122.7485
172800,86400,3600,10000,7217.5265,84629.4718,7217.5265,84629.4718
172800,86400,28800,10000,7206.6724,83949.4034,7206.6724,83949.4034
172800,604800,60,10000,68746.9116,172793.2705,68768.3334,172810.2879
172800,604800,900,10000,69698.1219,172768.305,70020.0917,173498.5649
172800,604800,3600,10000,70186.1301,172799.9821,71502.0145,176157.38
172800,604800,28800,10000,69517.7299,172798.0009,79541.4352,200105.9108
